{
  "timeToFirstByte": {
    "total": 38.900000005960464,
    "redirect": 0,
    "dns": 0,
    "connection": 0,
    "tls": 0,
    "wait": 22.400000005960464
  },
  "pageloadTiming": 412,
  "domCompleteTiming": 411,
  "totalBytes": 1147136,
  "largestContentfulPaint": 118.70000000298023,
  "totalBlockingTime": 0,
  "paint": {
    "firstPaint": 118.70000000298023,
    "firstContentfulPaint": 118.70000000298023
  },
  "cumulativeLayoutShift": 0
}{
  "timeToFirstByte": {
    "total": 9.700000002980232,
    "redirect": 0,
    "dns": 0,
    "connection": 0,
    "tls": 0,
    "wait": 5.700000002980232
  },
  "pageloadTiming": 294,
  "domCompleteTiming": 293.70000000298023,
  "totalBytes": 1147327,
  "largestContentfulPaint": 112.30000001192093,
  "totalBlockingTime": 0,
  "paint": {
    "firstPaint": 112.30000001192093,
    "firstContentfulPaint": 112.30000001192093
  },
  "cumulativeLayoutShift": 0
}{
  "timeToFirstByte": {
    "total": 10.600000008940697,
    "redirect": 0,
    "dns": 0,
    "connection": 0,
    "tls": 0,
    "wait": 5.4000000059604645
  },
  "pageloadTiming": 107,
  "domCompleteTiming": 105.70000000298023,
  "totalBytes": 1147327,
  "largestContentfulPaint": 52,
  "totalBlockingTime": 0,
  "paint": {
    "firstPaint": 52,
    "firstContentfulPaint": 52
  },
  "cumulativeLayoutShift": 0
}{
  "timeToFirstByte": {
    "total": 20.099999994039536,
    "redirect": 0,
    "dns": 0,
    "connection": 0,
    "tls": 0,
    "wait": 8.599999994039536
  },
  "pageloadTiming": 124,
  "domCompleteTiming": 124,
  "totalBytes": 1147327,
  "largestContentfulPaint": 81.29999999701977,
  "totalBlockingTime": 0,
  "paint": {
    "firstPaint": 81.29999999701977,
    "firstContentfulPaint": 81.29999999701977
  },
  "cumulativeLayoutShift": 0
}{
  "timeToFirstByte": {
    "total": 10.600000008940697,
    "redirect": 0,
    "dns": 0,
    "connection": 0,
    "tls": 0,
    "wait": 5.800000011920929
  },
  "pageloadTiming": 104,
  "domCompleteTiming": 103.90000000596046,
  "totalBytes": 1147327,
  "largestContentfulPaint": 51.900000005960464,
  "totalBlockingTime": 0,
  "paint": {
    "firstPaint": 51.900000005960464,
    "firstContentfulPaint": 51.900000005960464
  },
  "cumulativeLayoutShift": 0
}{
  "timeToFirstByte": {
    "total": 11.400000005960464,
    "redirect": 0,
    "dns": 0,
    "connection": 0,
    "tls": 0,
    "wait": 7.4000000059604645
  },
  "pageloadTiming": 103,
  "domCompleteTiming": 102.90000000596046,
  "totalBytes": 1147327,
  "largestContentfulPaint": 78.79999999701977,
  "totalBlockingTime": 0,
  "paint": {
    "firstPaint": 78.79999999701977,
    "firstContentfulPaint": 78.79999999701977
  },
  "cumulativeLayoutShift": 0
}{
  "timeToFirstByte": {
    "total": 10.599999994039536,
    "redirect": 0,
    "dns": 0,
    "connection": 0,
    "tls": 0,
    "wait": 4.899999991059303
  },
  "pageloadTiming": 97,
  "domCompleteTiming": 96.5,
  "totalBytes": 1147327,
  "largestContentfulPaint": 50.70000000298023,
  "totalBlockingTime": 0,
  "paint": {
    "firstPaint": 50.70000000298023,
    "firstContentfulPaint": 50.70000000298023
  },
  "cumulativeLayoutShift": 0
}{
  "timeToFirstByte": {
    "total": 15.900000005960464,
    "redirect": 0,
    "dns": 0,
    "connection": 0,
    "tls": 0,
    "wait": 10.299999997019768
  },
  "pageloadTiming": 102,
  "domCompleteTiming": 100.70000000298023,
  "totalBytes": 1147327,
  "largestContentfulPaint": 99.70000000298023,
  "totalBlockingTime": 0,
  "paint": {
    "firstPaint": 99.70000000298023,
    "firstContentfulPaint": 99.70000000298023
  },
  "cumulativeLayoutShift": 0
}{
  "timeToFirstByte": {
    "total": 14.900000005960464,
    "redirect": 0,
    "dns": 0,
    "connection": 0,
    "tls": 0,
    "wait": 9.599999994039536
  },
  "pageloadTiming": 37428,
  "domCompleteTiming": 37427.20000000298,
  "totalBytes": 1147287,
  "largestContentfulPaint": 3006,
  "totalBlockingTime": 4,
  "paint": {
    "firstPaint": 3006,
    "firstContentfulPaint": 3006
  },
  "cumulativeLayoutShift": 0
}{
  "timeToFirstByte": {
    "total": 9.200000002980232,
    "redirect": 0,
    "dns": 0,
    "connection": 0,
    "tls": 0,
    "wait": 5.700000002980232
  },
  "pageloadTiming": 443,
  "domCompleteTiming": 441.5,
  "totalBytes": 1147319,
  "largestContentfulPaint": 277.1000000089407,
  "totalBlockingTime": 0,
  "paint": {
    "firstPaint": 277.1000000089407,
    "firstContentfulPaint": 277.1000000089407
  },
  "cumulativeLayoutShift": 0
}{
  "timeToFirstByte": {
    "total": 10.200000002980232,
    "redirect": 0,
    "dns": 0,
    "connection": 0,
    "tls": 0,
    "wait": 6
  },
  "pageloadTiming": 2351,
  "domCompleteTiming": 2351.1000000089407,
  "totalBytes": 1147319,
  "largestContentfulPaint": 297.90000000596046,
  "totalBlockingTime": 0,
  "paint": {
    "firstPaint": 297.90000000596046,
    "firstContentfulPaint": 297.90000000596046
  },
  "cumulativeLayoutShift": 0
}{
  "timeToFirstByte": {
    "total": 24.799999997019768,
    "redirect": 0,
    "dns": 0,
    "connection": 0,
    "tls": 0,
    "wait": 20
  },
  "pageloadTiming": 18757,
  "domCompleteTiming": 18755.39999999106,
  "totalBytes": 1147287,
  "largestContentfulPaint": 1558.7000000029802,
  "totalBlockingTime": 10,
  "paint": {
    "firstPaint": 1558.7000000029802,
    "firstContentfulPaint": 1558.7000000029802
  },
  "cumulativeLayoutShift": 0
}